bytes,content-type,elapsed,endpoint,resource,status,entry-date,start-date,end-date
155810160,application/json,25.789,a623eb0a63ee1bbdb778f6e83ea2e10271596aafebacfcd40272409d404b8e30,89632d544d34d2745cbfc2ec034fbdae2a74c235ea07acd67d920c4cebddc3c0,200,2021-05-26T15:30:28.696617,,
155810160,application/json,5.919,a623eb0a63ee1bbdb778f6e83ea2e10271596aafebacfcd40272409d404b8e30,89632d544d34d2745cbfc2ec034fbdae2a74c235ea07acd67d920c4cebddc3c0,200,2021-05-27T01:12:36.204849,,
155810160,application/json,6.918,a623eb0a63ee1bbdb778f6e83ea2e10271596aafebacfcd40272409d404b8e30,89632d544d34d2745cbfc2ec034fbdae2a74c235ea07acd67d920c4cebddc3c0,200,2021-06-01T03:11:18.447648,,
155810160,application/json,6.506,a623eb0a63ee1bbdb778f6e83ea2e10271596aafebacfcd40272409d404b8e30,89632d544d34d2745cbfc2ec034fbdae2a74c235ea07acd67d920c4cebddc3c0,200,2021-06-30T11:19:39.326586,,
155810160,application/json,9.078,a623eb0a63ee1bbdb778f6e83ea2e10271596aafebacfcd40272409d404b8e30,89632d544d34d2745cbfc2ec034fbdae2a74c235ea07acd67d920c4cebddc3c0,200,2021-07-01T00:20:28.271440,,
155810160,application/json,7.293,a623eb0a63ee1bbdb778f6e83ea2e10271596aafebacfcd40272409d404b8e30,89632d544d34d2745cbfc2ec034fbdae2a74c235ea07acd67d920c4cebddc3c0,200,2021-08-01T00:31:44.529362,,
155810160,application/json,11.08,a623eb0a63ee1bbdb778f6e83ea2e10271596aafebacfcd40272409d404b8e30,89632d544d34d2745cbfc2ec034fbdae2a74c235ea07acd67d920c4cebddc3c0,200,2021-08-31T11:10:01.369703,,
155810160,application/json,9.858,a623eb0a63ee1bbdb778f6e83ea2e10271596aafebacfcd40272409d404b8e30,89632d544d34d2745cbfc2ec034fbdae2a74c235ea07acd67d920c4cebddc3c0,200,2021-09-01T00:29:49.428253,,
155810160,application/json,7.106,a623eb0a63ee1bbdb778f6e83ea2e10271596aafebacfcd40272409d404b8e30,89632d544d34d2745cbfc2ec034fbdae2a74c235ea07acd67d920c4cebddc3c0,200,2021-09-09T15:43:00.915587,,
155810160,application/json,36.399,a623eb0a63ee1bbdb778f6e83ea2e10271596aafebacfcd40272409d404b8e30,89632d544d34d2745cbfc2ec034fbdae2a74c235ea07acd67d920c4cebddc3c0,200,2021-09-13T13:10:53.458087,,
155810160,application/json,6.691,a623eb0a63ee1bbdb778f6e83ea2e10271596aafebacfcd40272409d404b8e30,89632d544d34d2745cbfc2ec034fbdae2a74c235ea07acd67d920c4cebddc3c0,200,2021-09-17T09:43:07.558383,,
155810160,application/json,100.197,a623eb0a63ee1bbdb778f6e83ea2e10271596aafebacfcd40272409d404b8e30,89632d544d34d2745cbfc2ec034fbdae2a74c235ea07acd67d920c4cebddc3c0,200,2021-09-23T10:45:18.738411,,
155810160,application/json,6.611,a623eb0a63ee1bbdb778f6e83ea2e10271596aafebacfcd40272409d404b8e30,89632d544d34d2745cbfc2ec034fbdae2a74c235ea07acd67d920c4cebddc3c0,200,2021-10-01T00:33:27.074830,,
155810160,application/json,6.96,a623eb0a63ee1bbdb778f6e83ea2e10271596aafebacfcd40272409d404b8e30,89632d544d34d2745cbfc2ec034fbdae2a74c235ea07acd67d920c4cebddc3c0,200,2021-11-01T00:31:58.912163,,
155810160,application/json,6.788,a623eb0a63ee1bbdb778f6e83ea2e10271596aafebacfcd40272409d404b8e30,89632d544d34d2745cbfc2ec034fbdae2a74c235ea07acd67d920c4cebddc3c0,200,2021-11-04T13:49:24.748499,,
156287520,application/json,7.649,a623eb0a63ee1bbdb778f6e83ea2e10271596aafebacfcd40272409d404b8e30,87a4898736b177e886dc0722c3403b12989a563c272a6c55a70be1e4a307f94c,200,2021-12-01T00:33:54.706694,,
156287520,application/json,5.911,a623eb0a63ee1bbdb778f6e83ea2e10271596aafebacfcd40272409d404b8e30,87a4898736b177e886dc0722c3403b12989a563c272a6c55a70be1e4a307f94c,200,2021-12-03T17:30:51.570531,,
108,text/plain; charset=utf-8,0.398,f22b13c88a6c367b06e4c80aa61cb1620d7ca03193daeb6c5f65d014d16c6d2e,9954b7c5224461b0e522fab787cfc1f1ac1c68088f152374199c3b25587d6347,200,2021-12-03T17:30:51.570531,,
156287520,application/json,6.73,a623eb0a63ee1bbdb778f6e83ea2e10271596aafebacfcd40272409d404b8e30,87a4898736b177e886dc0722c3403b12989a563c272a6c55a70be1e4a307f94c,200,2021-12-05T00:59:48.346230,,
108,text/plain; charset=utf-8,0.14,f22b13c88a6c367b06e4c80aa61cb1620d7ca03193daeb6c5f65d014d16c6d2e,9954b7c5224461b0e522fab787cfc1f1ac1c68088f152374199c3b25587d6347,200,2021-12-05T00:59:48.346230,,
156287520,application/json,7.463,a623eb0a63ee1bbdb778f6e83ea2e10271596aafebacfcd40272409d404b8e30,87a4898736b177e886dc0722c3403b12989a563c272a6c55a70be1e4a307f94c,200,2021-12-12T00:59:04.881530,,
108,text/plain; charset=utf-8,0.199,f22b13c88a6c367b06e4c80aa61cb1620d7ca03193daeb6c5f65d014d16c6d2e,9954b7c5224461b0e522fab787cfc1f1ac1c68088f152374199c3b25587d6347,200,2021-12-12T00:59:04.881530,,
156287520,application/json,7.4,a623eb0a63ee1bbdb778f6e83ea2e10271596aafebacfcd40272409d404b8e30,87a4898736b177e886dc0722c3403b12989a563c272a6c55a70be1e4a307f94c,200,2021-12-19T01:01:31.716844,,
108,text/plain; charset=utf-8,0.189,f22b13c88a6c367b06e4c80aa61cb1620d7ca03193daeb6c5f65d014d16c6d2e,9954b7c5224461b0e522fab787cfc1f1ac1c68088f152374199c3b25587d6347,200,2021-12-19T01:01:31.716844,,
156287520,application/json,7.671,a623eb0a63ee1bbdb778f6e83ea2e10271596aafebacfcd40272409d404b8e30,87a4898736b177e886dc0722c3403b12989a563c272a6c55a70be1e4a307f94c,200,2021-12-26T01:01:46.929571,,
108,text/plain; charset=utf-8,0.196,f22b13c88a6c367b06e4c80aa61cb1620d7ca03193daeb6c5f65d014d16c6d2e,9954b7c5224461b0e522fab787cfc1f1ac1c68088f152374199c3b25587d6347,200,2021-12-26T01:01:46.929571,,
